{
  "model_label": "GradientBoostingRegressor_tuned",
  "model_family": "GradientBoostingRegressor",
  "frozen_params": {
    "subsample": 0.85,
    "n_estimators": 350,
    "min_samples_split": 2,
    "min_samples_leaf": 4,
    "max_depth": 4,
    "learning_rate": 0.05
  },
  "add_stage4_features": false,
  "validation_reference": {
    "RMSE_val": 0.4819577504725729,
    "MAE_val": 0.3238465067350287,
    "R2_val": 0.8264235157547535
  },
  "final_test_metrics": {
    "RMSE_test": 0.48446834165369096,
    "MAE_test": 0.32801711818689716,
    "R2_test": 0.8209018136860395
  },
  "gaps_test_minus_validation": {
    "RMSE_gap": 0.0025105911811180714,
    "MAE_gap": 0.004170611451868478,
    "R2_gap": -0.005521702068713941
  }
}