model_label,RMSE_test,MAE_test,R2_test,RMSE_val_stage4,MAE_val_stage4,R2_val_stage4
GradientBoostingRegressor_tuned,0.48446834165369096,0.32801711818689716,0.8209018136860395,0.4819577504725729,0.3238465067350287,0.8264235157547535
